{
  "epochs": 2,
  "best_val": 0.025625547394156456,
  "time_sec": 23.69433879852295,
  "loss_history": [
    0.07768467776477336,
    0.03293190635740757
  ],
  "device": "cpu",
  "kl_max": 0.001,
  "kl_warmup_epochs": 10,
  "epoch_logs": [
    {
      "epoch": 1,
      "train_loss": 0.07768467776477336,
      "val_loss": 0.0337003655731678,
      "kl_weight": 0.0001
    },
    {
      "epoch": 2,
      "train_loss": 0.03293190635740757,
      "val_loss": 0.025625547394156456,
      "kl_weight": 0.0002
    }
  ]
}